<dashboard version="1.1">
  <label>CP-SOC - MPU6050 Tamper</label>
  <row>
    <panel>
      <title>Tamper Events Timeline</title>
      <chart>
        <search>
          <query>index=iot sourcetype=iot:mpu:json event_type="iot.device.tamper" | timechart count as tamper_events</query>
          <earliest>-24h</earliest>
          <latest>now</latest>
        </search>
      </chart>
    </panel>
  </row>
  <row>
    <panel>
      <title>Recent Tamper Events</title>
      <table>
        <search>
          <query>index=iot sourcetype=iot:mpu:json event_type="iot.device.tamper" | table _time host location sensor delta threshold moving_avg_g baseline_g | sort - _time</query>
          <earliest>-24h</earliest>
          <latest>now</latest>
        </search>
      </table>
    </panel>
  </row>
</dashboard>
